https://www.upgrow.io/facebook-ads-agency,contact@upgrow.io
https://www.sortlist.com/facebook-marketing,jane.doe@acme.com
https://www.sortlist.com/facebook-marketing,getintouch@theskepper.com
https://www.sortlist.com/facebook-marketing,john.doe@example.com
https://www.sortlist.com/facebook-marketing,u003ehello@sortlist.com
https://www.rankeffect.de/en/online-marketing-agency/social-media-agency/facebook-agency,larry@google.com
https://www.quora.com/How-can-I-make-a-Facebook-agency-account,jo@samaritans.org
https://www.quora.com/How-do-I-become-a-Facebook-agency-partner,jo@samaritans.org
https://sociallypowerful.com/channels/facebook-marketing-agency,usa@sociallypowerful.com
https://sociallypowerful.com/channels/facebook-marketing-agency,mena@sociallypowerful.com
https://sociallypowerful.com/channels/facebook-marketing-agency,asia@sociallypowerful.com
https://sociallypowerful.com/channels/facebook-marketing-agency,tellmemore@sociallypowerful.com
https://commonthreadco.com/pages/facebook-ads-agency,hello@commonthreadco.com
https://www.klientboost.com/services/facebook-ads-agency/,friends@klientboost.com
https://ecomparkour.com/facebook-agency-ad-account,hongkong@ecomparkour.com
https://www.wescaleagency.com/facebook-ads-agency,marketing@wescaleagency.com
https://roiminds.com/facebook-ads-agency/,INFO@ROIMINDS.COM
https://roiminds.com/facebook-ads-agency/,HR@ROIMINDS.COM
https://roiminds.com/facebook-ads-agency/,SALES@ROIMINDS.COM
https://www.rocketcrolab.com/facebook-paid-ads,INFO@ROCKETCROLAB.COM
https://www.rocketcrolab.com/facebook-paid-ads,INFO@ROCKETLAB.COM
https://www.semrush.com/agencies/list/facebook-advertising/india/,mail@semrush.com
https://www.semrush.com/agencies/list/facebook-advertising/india/,email@example.com
https://www.semrush.com/agencies/list/facebook-advertising/india/,agencies@semrush.com
https://firstpage.com.au/facebook-advertising/,brianna-homepage-mobile@2x.webp
https://www.impressiondigital.com/paid-media/paid-social/facebook-advertising/,hello@impressiondigital.com
https://www.linkedin.com/pulse/agency-guide-setting-up-facebook-business-manager-tim-halloran,tim@example.com
https://www.j7media.com/en/our-blog/facebook-ads-guide/7-questions-to-ask-before-hiring-a-facebook-agency,no-reply@www.j7media.com
https://www.intuizi.com/facebook-agency,data@intuizi.com
https://lineardesign.com/services/facebook-ad-agency/,hello@lineardesign.com
https://vindictadigital.co.uk/facebook-ads-agency/,accounts@vindictagroup.com
https://upbeatagency.com/services/facebook-ads/,hello@upbeatagency.com
